<?xml version="1.0"?>
<!--
  ~ /*
  ~  * Copyright (c) Crio.Do 2019. All rights reserved
  ~  */
  -->

<!DOCTYPE module PUBLIC
  "-//Puppy Crawl//DTD Check Configuration 1.3//EN"
  "http://checkstyle.sourceforge.net/dtds/configuration_1_3.dtd">

<!--
    Checkstyle configuration that checks the Google coding conventions from Google Java Style
    that can be found at https://google.github.io/styleguide/javaguide.html.
    Checkstyle is very configurable. Be sure to read the documentation at
    http://checkstyle.sf.net (or in your downloaded distribution).
    To completely disable a check, just comment it out or delete it from the file.
    Authors: Max Vetrenko, Ruslan Diachenko, Roman Ivanov.
 -->
<module name="Checker">
    <module name ="TreeWalker">
        <!-- Promote System.out.println usage -->
        <module name="RegexpSinglelineJava">
            <property name="format" value="System\.out\.println"/>
            <property name="message" value="USED_SOPL"/>
            <property name ="ignoreComments" value="true"/>
        </module>

        <!-- Prevent Thread.Sleep usage -->
        <module name="RegexpSinglelineJava">
            <property name="format" value="Thread\.sleep"/>
            <property name="message" value="USED_THREAD_SLEEP"/>
            <property name ="ignoreComments" value="true"/>
        </module>

        <!-- Checks for Waits -->
        <module name="RegexpSinglelineJava">
            <property name="format" value="new\ WebDriverWait"/>
            <property name="message" value="USED_WAIT"/>
            <property name ="ignoreComments" value="true"/>
        </module>

        <!-- Checks for Comments -->
        <module name="RegexpSinglelineJava">
            <property name="format" value="^\s*\/\/"/>
            <property name="message" value="USED_COMMENT"/>
        </module>
    </module>
</module>